year,month,domestic,international,total,airport_id
2018,1,30059.0,3400.0,33459.0,KATL
2018,2,28195.0,2998.0,31193.0,KATL
2018,3,33656.0,3486.0,37142.0,KATL
2018,4,32840.0,3306.0,36146.0,KATL
2018,5,34014.0,3507.0,37521.0,KATL
2018,6,33920.0,3566.0,37486.0,KATL
2018,7,34826.0,3727.0,38553.0,KATL
2018,8,35188.0,3530.0,38718.0,KATL
2018,9,31520.0,2984.0,34504.0,KATL
2018,10,33284.0,3002.0,36286.0,KATL
2018,11,31385.0,2836.0,34221.0,KATL
2018,12,31485.0,3167.0,34652.0,KATL
2019,1,31046.0,3230.0,34276.0,KATL
2019,2,28229.0,2900.0,31129.0,KATL
2019,3,34055.0,3468.0,37523.0,KATL
2019,4,32963.0,3275.0,36238.0,KATL
2019,5,34490.0,3464.0,37954.0,KATL
2019,6,34239.0,3501.0,37740.0,KATL
2019,7,35324.0,3588.0,38912.0,KATL
2019,8,35535.0,3488.0,39023.0,KATL
2019,9,31953.0,2912.0,34865.0,KATL
2019,10,33840.0,2888.0,36728.0,KATL
2019,11,31386.0,2709.0,34095.0,KATL
2019,12,32500.0,2996.0,35496.0,KATL
2020,1,32327.0,3048.0,35375.0,KATL
2020,2,30090.0,2807.0,32897.0,KATL
2020,3,27416.0,2205.0,29621.0,KATL
2020,4,9052.0,145.0,9197.0,KATL
2020,5,8253.0,126.0,8379.0,KATL
2020,6,10912.0,214.0,11126.0,KATL
2020,7,18349.0,585.0,18934.0,KATL
2020,8,21940.0,704.0,22644.0,KATL
2020,9,20211.0,750.0,20961.0,KATL
2020,10,21459.0,909.0,22368.0,KATL
2020,11,22200.0,1136.0,23336.0,KATL
2020,12,23105.0,1549.0,24654.0,KATL
2021,1,22364.0,1750.0,24114.0,KATL
2021,2,19819.0,1539.0,21358.0,KATL
2021,3,25974.0,1619.0,27593.0,KATL
2021,4,25778.0,1571.0,27349.0,KATL
2021,5,27272.0,1719.0,28991.0,KATL
2021,6,27561.0,1852.0,29413.0,KATL
2021,7,28660.0,1969.0,30629.0,KATL
2021,8,27894.0,2108.0,30002.0,KATL
2021,9,26643.0,1985.0,28628.0,KATL
2021,10,27927.0,2063.0,29990.0,KATL
2021,11,26673.0,2023.0,28696.0,KATL
2021,12,25978.0,2201.0,28179.0,KATL
2022,1,24613.0,2261.0,26874.0,KATL
2022,2,22744.0,2036.0,24780.0,KATL
2022,3,26512.0,2300.0,28812.0,KATL
2022,4,25958.0,2312.0,28270.0,KATL
2022,5,27438.0,2497.0,29935.0,KATL
2022,6,26282.0,2651.0,28933.0,KATL
2022,7,27377.0,2665.0,30042.0,KATL
2022,8,27304.0,2669.0,29973.0,KATL
2022,9,26283.0,2478.0,28761.0,KATL
2022,10,27142.0,2473.0,29615.0,KATL
2022,11,26445.0,2360.0,28805.0,KATL
2022,12,26070.0,2564.0,28634.0,KATL
2018,1,18949.0,832.0,19781.0,KCLT
2018,2,17910.0,827.0,18737.0,KCLT
2018,3,20246.0,1100.0,21346.0,KCLT
2018,4,20096.0,1110.0,21206.0,KCLT
2018,5,20857.0,1148.0,22005.0,KCLT
2018,6,19393.0,1215.0,20608.0,KCLT
2018,7,20797.0,1253.0,22050.0,KCLT
2018,8,21312.0,1104.0,22416.0,KCLT
2018,9,19858.0,770.0,20628.0,KCLT
2018,10,21341.0,839.0,22180.0,KCLT
2018,11,20441.0,773.0,21214.0,KCLT
2018,12,19466.0,973.0,20439.0,KCLT
2019,1,20527.0,982.0,21509.0,KCLT
2019,2,18718.0,930.0,19648.0,KCLT
2019,3,21450.0,1170.0,22620.0,KCLT
2019,4,20662.0,1159.0,21821.0,KCLT
2019,5,21534.0,1224.0,22758.0,KCLT
2019,6,20861.0,1353.0,22214.0,KCLT
2019,7,21305.0,1378.0,22683.0,KCLT
2019,8,21543.0,1217.0,22760.0,KCLT
2019,9,21169.0,804.0,21973.0,KCLT
2019,10,22332.0,857.0,23189.0,KCLT
2019,11,21392.0,757.0,22149.0,KCLT
2019,12,21595.0,956.0,22551.0,KCLT
2020,1,21931.0,1083.0,23014.0,KCLT
2020,2,20127.0,1056.0,21183.0,KCLT
2020,3,18714.0,807.0,19521.0,KCLT
2020,4,8545.0,67.0,8612.0,KCLT
2020,5,9093.0,113.0,9206.0,KCLT
2020,6,9777.0,171.0,9948.0,KCLT
2020,7,13495.0,249.0,13744.0,KCLT
2020,8,15864.0,292.0,16156.0,KCLT
2020,9,14440.0,211.0,14651.0,KCLT
2020,10,15196.0,295.0,15491.0,KCLT
2020,11,14458.0,373.0,14831.0,KCLT
2020,12,15083.0,583.0,15666.0,KCLT
2021,1,14757.0,772.0,15529.0,KCLT
2021,2,13173.0,750.0,13923.0,KCLT
2021,3,18993.0,906.0,19899.0,KCLT
2021,4,19780.0,794.0,20574.0,KCLT
2021,5,20660.0,785.0,21445.0,KCLT
2021,6,20021.0,957.0,20978.0,KCLT
2021,7,20533.0,1027.0,21560.0,KCLT
2021,8,20131.0,738.0,20869.0,KCLT
2021,9,18712.0,435.0,19147.0,KCLT
2021,10,20099.0,596.0,20695.0,KCLT
2021,11,18746.0,689.0,19435.0,KCLT
2021,12,18787.0,820.0,19607.0,KCLT
2022,1,16892.0,848.0,17740.0,KCLT
2022,2,16363.0,791.0,17154.0,KCLT
2022,3,18168.0,950.0,19118.0,KCLT
2022,4,16644.0,936.0,17580.0,KCLT
2022,5,17792.0,1048.0,18840.0,KCLT
2022,6,18252.0,1228.0,19480.0,KCLT
2022,7,18506.0,1283.0,19789.0,KCLT
2022,8,18380.0,1165.0,19545.0,KCLT
2022,9,17183.0,860.0,18043.0,KCLT
2022,10,18359.0,919.0,19278.0,KCLT
2022,11,17293.0,1028.0,18321.0,KCLT
2022,12,17387.0,1189.0,18576.0,KCLT
2018,1,20983.0,1006.0,21989.0,KDEN
2018,2,18857.0,878.0,19735.0,KDEN
2018,3,22034.0,1080.0,23114.0,KDEN
2018,4,21759.0,987.0,22746.0,KDEN
2018,5,22816.0,991.0,23807.0,KDEN
2018,6,24085.0,1129.0,25214.0,KDEN
2018,7,24848.0,1125.0,25973.0,KDEN
2018,8,24878.0,1073.0,25951.0,KDEN
2018,9,22858.0,936.0,23794.0,KDEN
2018,10,23912.0,871.0,24783.0,KDEN
2018,11,22035.0,899.0,22934.0,KDEN
2018,12,22320.0,1010.0,23330.0,KDEN
2019,1,21874.0,1036.0,22910.0,KDEN
2019,2,19752.0,884.0,20636.0,KDEN
2019,3,22594.0,1036.0,23630.0,KDEN
2019,4,22472.0,1042.0,23514.0,KDEN
2019,5,24453.0,1054.0,25507.0,KDEN
2019,6,25441.0,1114.0,26555.0,KDEN
2019,7,27019.0,1161.0,28180.0,KDEN
2019,8,26725.0,1088.0,27813.0,KDEN
2019,9,25280.0,859.0,26139.0,KDEN
2019,10,25645.0,910.0,26555.0,KDEN
2019,11,23043.0,915.0,23958.0,KDEN
2019,12,24321.0,1048.0,25369.0,KDEN
2020,1,23249.0,1061.0,24310.0,KDEN
2020,2,21779.0,1011.0,22790.0,KDEN
2020,3,20557.0,836.0,21393.0,KDEN
2020,4,8243.0,1.0,8244.0,KDEN
2020,5,8703.0,,8703.0,KDEN
2020,6,11171.0,5.0,11176.0,KDEN
2020,7,15824.0,115.0,15939.0,KDEN
2020,8,18670.0,170.0,18840.0,KDEN
2020,9,16362.0,171.0,16533.0,KDEN
2020,10,18352.0,223.0,18575.0,KDEN
2020,11,18306.0,379.0,18685.0,KDEN
2020,12,18426.0,464.0,18890.0,KDEN
2021,1,17479.0,507.0,17986.0,KDEN
2021,2,15648.0,389.0,16037.0,KDEN
2021,3,19332.0,484.0,19816.0,KDEN
2021,4,20513.0,527.0,21040.0,KDEN
2021,5,22244.0,602.0,22846.0,KDEN
2021,6,24502.0,698.0,25200.0,KDEN
2021,7,26340.0,806.0,27146.0,KDEN
2021,8,26629.0,828.0,27457.0,KDEN
2021,9,25221.0,695.0,25916.0,KDEN
2021,10,24184.0,747.0,24931.0,KDEN
2021,11,22979.0,837.0,23816.0,KDEN
2021,12,22570.0,933.0,23503.0,KDEN
2022,1,20508.0,926.0,21434.0,KDEN
2022,2,19899.0,806.0,20705.0,KDEN
2022,3,22384.0,967.0,23351.0,KDEN
2022,4,21708.0,960.0,22668.0,KDEN
2022,5,23210.0,937.0,24147.0,KDEN
2022,6,24190.0,1106.0,25296.0,KDEN
2022,7,25049.0,1169.0,26218.0,KDEN
2022,8,25111.0,1124.0,26235.0,KDEN
2022,9,24670.0,957.0,25627.0,KDEN
2022,10,25068.0,926.0,25994.0,KDEN
2022,11,23388.0,939.0,24327.0,KDEN
2022,12,22510.0,1076.0,23586.0,KDEN
2018,1,22274.0,2659.0,24933.0,KDFW
2018,2,20294.0,2390.0,22684.0,KDFW
2018,3,23373.0,2745.0,26118.0,KDFW
2018,4,22811.0,2603.0,25414.0,KDFW
2018,5,23905.0,2790.0,26695.0,KDFW
2018,6,24621.0,3072.0,27693.0,KDFW
2018,7,25258.0,3152.0,28410.0,KDFW
2018,8,25323.0,2942.0,28265.0,KDFW
2018,9,22585.0,2544.0,25129.0,KDFW
2018,10,23565.0,2632.0,26197.0,KDFW
2018,11,22846.0,2543.0,25389.0,KDFW
2018,12,22830.0,2746.0,25576.0,KDFW
2019,1,23325.0,2730.0,26055.0,KDFW
2019,2,21169.0,2441.0,23610.0,KDFW
2019,3,24434.0,2824.0,27258.0,KDFW
2019,4,23466.0,2638.0,26104.0,KDFW
2019,5,25889.0,2975.0,28864.0,KDFW
2019,6,25850.0,3369.0,29219.0,KDFW
2019,7,27115.0,3575.0,30690.0,KDFW
2019,8,27672.0,3401.0,31073.0,KDFW
2019,9,26010.0,2789.0,28799.0,KDFW
2019,10,26283.0,2863.0,29146.0,KDFW
2019,11,25379.0,2619.0,27998.0,KDFW
2019,12,25798.0,2927.0,28725.0,KDFW
2020,1,24300.0,2812.0,27112.0,KDFW
2020,2,23279.0,2547.0,25826.0,KDFW
2020,3,22013.0,2141.0,24154.0,KDFW
2020,4,9761.0,654.0,10415.0,KDFW
2020,5,11371.0,720.0,12091.0,KDFW
2020,6,12617.0,882.0,13499.0,KDFW
2020,7,19115.0,1241.0,20356.0,KDFW
2020,8,19673.0,1222.0,20895.0,KDFW
2020,9,17835.0,1278.0,19113.0,KDFW
2020,10,19466.0,1573.0,21039.0,KDFW
2020,11,19132.0,1781.0,20913.0,KDFW
2020,12,19818.0,2097.0,21915.0,KDFW
2021,1,19731.0,2274.0,22005.0,KDFW
2021,2,15214.0,1855.0,17069.0,KDFW
2021,3,22631.0,2415.0,25046.0,KDFW
2021,4,21880.0,2346.0,24226.0,KDFW
2021,5,24121.0,2467.0,26588.0,KDFW
2021,6,25031.0,2804.0,27835.0,KDFW
2021,7,26293.0,2948.0,29241.0,KDFW
2021,8,24992.0,2589.0,27581.0,KDFW
2021,9,24002.0,2256.0,26258.0,KDFW
2021,10,24193.0,2425.0,26618.0,KDFW
2021,11,23458.0,2324.0,25782.0,KDFW
2021,12,23573.0,2719.0,26292.0,KDFW
2022,1,22369.0,2701.0,25070.0,KDFW
2022,2,17999.0,2133.0,20132.0,KDFW
2022,3,22483.0,2699.0,25182.0,KDFW
2022,4,22722.0,2730.0,25452.0,KDFW
2022,5,23669.0,2979.0,26648.0,KDFW
2022,6,23948.0,3198.0,27146.0,KDFW
2022,7,24534.0,3319.0,27853.0,KDFW
2022,8,24281.0,3055.0,27336.0,KDFW
2022,9,23495.0,2669.0,26164.0,KDFW
2022,10,23811.0,2793.0,26604.0,KDFW
2022,11,21492.0,2680.0,24172.0,KDFW
2022,12,21941.0,2963.0,24904.0,KDFW
2018,1,13696.0,1065.0,14761.0,KDTW
2018,2,12285.0,914.0,13199.0,KDTW
2018,3,15018.0,1176.0,16194.0,KDTW
2018,4,14621.0,1099.0,15720.0,KDTW
2018,5,15110.0,1166.0,16276.0,KDTW
2018,6,15115.0,1174.0,16289.0,KDTW
2018,7,15349.0,1216.0,16565.0,KDTW
2018,8,15852.0,1215.0,17067.0,KDTW
2018,9,14314.0,1113.0,15427.0,KDTW
2018,10,15033.0,1105.0,16138.0,KDTW
2018,11,14023.0,972.0,14995.0,KDTW
2018,12,13861.0,1094.0,14955.0,KDTW
2019,1,13298.0,1126.0,14424.0,KDTW
2019,2,12227.0,967.0,13194.0,KDTW
2019,3,15118.0,1214.0,16332.0,KDTW
2019,4,14694.0,1172.0,15866.0,KDTW
2019,5,15165.0,1234.0,16399.0,KDTW
2019,6,15100.0,1235.0,16335.0,KDTW
2019,7,15521.0,1279.0,16800.0,KDTW
2019,8,15938.0,1280.0,17218.0,KDTW
2019,9,14546.0,1162.0,15708.0,KDTW
2019,10,15234.0,1144.0,16378.0,KDTW
2019,11,14111.0,940.0,15051.0,KDTW
2019,12,14419.0,1080.0,15499.0,KDTW
2020,1,13844.0,1112.0,14956.0,KDTW
2020,2,13050.0,974.0,14024.0,KDTW
2020,3,13036.0,768.0,13804.0,KDTW
2020,4,4906.0,169.0,5075.0,KDTW
2020,5,3728.0,164.0,3892.0,KDTW
2020,6,4776.0,186.0,4962.0,KDTW
2020,7,8125.0,214.0,8339.0,KDTW
2020,8,9317.0,236.0,9553.0,KDTW
2020,9,8568.0,245.0,8813.0,KDTW
2020,10,9160.0,306.0,9466.0,KDTW
2020,11,9381.0,294.0,9675.0,KDTW
2020,12,9490.0,369.0,9859.0,KDTW
2021,1,9034.0,427.0,9461.0,KDTW
2021,2,7988.0,378.0,8366.0,KDTW
2021,3,10054.0,390.0,10444.0,KDTW
2021,4,10274.0,317.0,10591.0,KDTW
2021,5,11003.0,336.0,11339.0,KDTW
2021,6,11678.0,389.0,12067.0,KDTW
2021,7,12186.0,396.0,12582.0,KDTW
2021,8,11952.0,437.0,12389.0,KDTW
2021,9,11509.0,489.0,11998.0,KDTW
2021,10,11580.0,566.0,12146.0,KDTW
2021,11,11287.0,548.0,11835.0,KDTW
2021,12,10976.0,618.0,11594.0,KDTW
2022,1,10353.0,629.0,10982.0,KDTW
2022,2,9146.0,511.0,9657.0,KDTW
2022,3,11159.0,628.0,11787.0,KDTW
2022,4,10780.0,601.0,11381.0,KDTW
2022,5,11078.0,693.0,11771.0,KDTW
2022,6,10866.0,789.0,11655.0,KDTW
2022,7,10913.0,800.0,11713.0,KDTW
2022,8,10890.0,763.0,11653.0,KDTW
2022,9,10218.0,728.0,10946.0,KDTW
2022,10,10250.0,733.0,10983.0,KDTW
2022,11,10089.0,672.0,10761.0,KDTW
2022,12,9497.0,771.0,10268.0,KDTW
2018,1,9561.0,6452.0,16013.0,KJFK
2018,2,9355.0,5963.0,15318.0,KJFK
2018,3,10189.0,6685.0,16874.0,KJFK
2018,4,10718.0,6952.0,17670.0,KJFK
2018,5,11250.0,7326.0,18576.0,KJFK
2018,6,11341.0,7626.0,18967.0,KJFK
2018,7,11530.0,8200.0,19730.0,KJFK
2018,8,11511.0,8212.0,19723.0,KJFK
2018,9,10812.0,7388.0,18200.0,KJFK
2018,10,11111.0,7179.0,18290.0,KJFK
2018,11,10345.0,6575.0,16920.0,KJFK
2018,12,10858.0,7201.0,18059.0,KJFK
2019,1,10427.0,6943.0,17370.0,KJFK
2019,2,9507.0,6157.0,15664.0,KJFK
2019,3,11227.0,7140.0,18367.0,KJFK
2019,4,10487.0,7430.0,17917.0,KJFK
2019,5,10886.0,7525.0,18411.0,KJFK
2019,6,10680.0,7701.0,18381.0,KJFK
2019,7,10768.0,8203.0,18971.0,KJFK
2019,8,10958.0,8239.0,19197.0,KJFK
2019,9,10268.0,7066.0,17334.0,KJFK
2019,10,10588.0,6872.0,17460.0,KJFK
2019,11,10084.0,6249.0,16333.0,KJFK
2019,12,10574.0,6861.0,17435.0,KJFK
2020,1,10433.0,6682.0,17115.0,KJFK
2020,2,9883.0,5889.0,15772.0,KJFK
2020,3,9043.0,4208.0,13251.0,KJFK
2020,4,1407.0,412.0,1819.0,KJFK
2020,5,936.0,348.0,1284.0,KJFK
2020,6,1923.0,596.0,2519.0,KJFK
2020,7,3266.0,1753.0,5019.0,KJFK
2020,8,3402.0,2121.0,5523.0,KJFK
2020,9,3086.0,1909.0,4995.0,KJFK
2020,10,3592.0,2246.0,5838.0,KJFK
2020,11,3695.0,2269.0,5964.0,KJFK
2020,12,3649.0,2920.0,6569.0,KJFK
2021,1,3284.0,2981.0,6265.0,KJFK
2021,2,3074.0,2282.0,5356.0,KJFK
2021,3,4615.0,2871.0,7486.0,KJFK
2021,4,5371.0,3089.0,8460.0,KJFK
2021,5,6702.0,3592.0,10294.0,KJFK
2021,6,7646.0,4223.0,11869.0,KJFK
2021,7,8141.0,4666.0,12807.0,KJFK
2021,8,8068.0,4835.0,12903.0,KJFK
2021,9,7453.0,4421.0,11874.0,KJFK
2021,10,7857.0,4338.0,12195.0,KJFK
2021,11,10120.0,4538.0,14658.0,KJFK
2021,12,9878.0,5326.0,15204.0,KJFK
2022,1,10008.0,5.0,15008.0,KJFK
2022,2,10012.0,4526.0,14538.0,KJFK
2022,3,11332.0,5273.0,16605.0,KJFK
2022,4,10795.0,5769.0,16564.0,KJFK
2022,5,11363.0,6097.0,17460.0,KJFK
2022,6,10819.0,6393.0,17212.0,KJFK
2022,7,11548.0,6873.0,18421.0,KJFK
2022,8,11421.0,6965.0,18386.0,KJFK
2022,9,11413.0,6176.0,17589.0,KJFK
2022,10,11750.0,6130.0,17880.0,KJFK
2022,11,11330.0,5935.0,17265.0,KJFK
2022,12,10758.0,6518.0,17276.0,KJFK
2018,1,11828.0,1517.0,13345.0,KMCO
2018,2,11012.0,1385.0,12397.0,KMCO
2018,3,13002.0,1669.0,14671.0,KMCO
2018,4,12079.0,1631.0,13710.0,KMCO
2018,5,11980.0,1519.0,13499.0,KMCO
2018,6,11946.0,1512.0,13458.0,KMCO
2018,7,12108.0,1679.0,13787.0,KMCO
2018,8,11269.0,1716.0,12985.0,KMCO
2018,9,10246.0,1437.0,11683.0,KMCO
2018,10,11322.0,1572.0,12894.0,KMCO
2018,11,11617.0,1679.0,13296.0,KMCO
2018,12,12604.0,1887.0,14491.0,KMCO
2019,1,12184.0,1885.0,14069.0,KMCO
2019,2,11124.0,1746.0,12870.0,KMCO
2019,3,13491.0,2065.0,15556.0,KMCO
2019,4,12258.0,2360.0,14618.0,KMCO
2019,5,12254.0,1814.0,14068.0,KMCO
2019,6,11944.0,1778.0,13722.0,KMCO
2019,7,12472.0,1976.0,14448.0,KMCO
2019,8,11695.0,1920.0,13615.0,KMCO
2019,9,9661.0,1377.0,11038.0,KMCO
2019,10,11689.0,1500.0,13189.0,KMCO
2019,11,12305.0,1530.0,13835.0,KMCO
2019,12,13330.0,1687.0,15017.0,KMCO
2020,1,13034.0,1715.0,14749.0,KMCO
2020,2,12637.0,1546.0,14183.0,KMCO
2020,3,12049.0,1113.0,13162.0,KMCO
2020,4,3605.0,30.0,3635.0,KMCO
2020,5,3044.0,10.0,3054.0,KMCO
2020,6,4885.0,13.0,4898.0,KMCO
2020,7,7557.0,96.0,7653.0,KMCO
2020,8,6566.0,88.0,6654.0,KMCO
2020,9,5349.0,77.0,5426.0,KMCO
2020,10,6860.0,121.0,6981.0,KMCO
2020,11,8355.0,202.0,8557.0,KMCO
2020,12,8791.0,348.0,9139.0,KMCO
2021,1,8227.0,405.0,8632.0,KMCO
2021,2,7614.0,281.0,7895.0,KMCO
2021,3,11176.0,349.0,11525.0,KMCO
2021,4,11222.0,337.0,11559.0,KMCO
2021,5,12123.0,478.0,12601.0,KMCO
2021,6,11981.0,586.0,12567.0,KMCO
2021,7,12491.0,773.0,13264.0,KMCO
2021,8,11907.0,816.0,12723.0,KMCO
2021,9,10620.0,758.0,11378.0,KMCO
2021,10,11725.0,845.0,12570.0,KMCO
2021,11,12059.0,1006.0,13065.0,KMCO
2021,12,12489.0,1452.0,13941.0,KMCO
2022,1,11949.0,1247.0,13196.0,KMCO
2022,2,11040.0,1072.0,12112.0,KMCO
2022,3,13043.0,1372.0,14415.0,KMCO
2022,4,12234.0,1468.0,13702.0,KMCO
2022,5,12505.0,1464.0,13969.0,KMCO
2022,6,11646.0,1487.0,13133.0,KMCO
2022,7,12402.0,1675.0,14077.0,KMCO
2022,8,12204.0,1652.0,13856.0,KMCO
2022,9,10541.0,1240.0,11781.0,KMCO
2022,10,12612.0,1428.0,14040.0,KMCO
2022,11,12216.0,1371.0,13587.0,KMCO
2022,12,13242.0,1725.0,14967.0,KMCO
2018,1,1933.0,31.0,1964.0,KMEM
2018,2,1804.0,28.0,1832.0,KMEM
2018,3,2119.0,31.0,2150.0,KMEM
2018,4,2093.0,27.0,2120.0,KMEM
2018,5,2209.0,62.0,2271.0,KMEM
2018,6,2251.0,64.0,2315.0,KMEM
2018,7,2256.0,65.0,2321.0,KMEM
2018,8,2225.0,64.0,2289.0,KMEM
2018,9,2106.0,57.0,2163.0,KMEM
2018,10,2304.0,37.0,2341.0,KMEM
2018,11,2224.0,29.0,2253.0,KMEM
2018,12,2242.0,27.0,2269.0,KMEM
2019,1,2160.0,29.0,2189.0,KMEM
2019,2,2009.0,26.0,2035.0,KMEM
2019,3,2401.0,30.0,2431.0,KMEM
2019,4,2314.0,30.0,2344.0,KMEM
2019,5,2569.0,32.0,2601.0,KMEM
2019,6,2490.0,35.0,2525.0,KMEM
2019,7,2498.0,34.0,2532.0,KMEM
2019,8,2466.0,32.0,2498.0,KMEM
2019,9,2291.0,30.0,2321.0,KMEM
2019,10,2456.0,31.0,2487.0,KMEM
2019,11,2336.0,30.0,2366.0,KMEM
2019,12,2374.0,29.0,2403.0,KMEM
2020,1,2244.0,28.0,2272.0,KMEM
2020,2,2052.0,26.0,2078.0,KMEM
2020,3,1975.0,19.0,1994.0,KMEM
2020,4,656.0,,656.0,KMEM
2020,5,601.0,,601.0,KMEM
2020,6,780.0,,780.0,KMEM
2020,7,1186.0,,1186.0,KMEM
2020,8,1439.0,,1439.0,KMEM
2020,9,1219.0,,1219.0,KMEM
2020,10,1410.0,,1410.0,KMEM
2020,11,1376.0,,1376.0,KMEM
2020,12,1399.0,,1399.0,KMEM
2021,1,1387.0,,1387.0,KMEM
2021,2,1022.0,,1022.0,KMEM
2021,3,1702.0,,1702.0,KMEM
2021,4,1667.0,,1667.0,KMEM
2021,5,1781.0,,1781.0,KMEM
2021,6,1836.0,1.0,1837.0,KMEM
2021,7,1951.0,,1951.0,KMEM
2021,8,1860.0,,1860.0,KMEM
2021,9,1796.0,,1796.0,KMEM
2021,10,1902.0,1.0,1903.0,KMEM
2021,11,1938.0,,1938.0,KMEM
2021,12,1876.0,,1876.0,KMEM
2022,1,1622.0,,1622.0,KMEM
2022,2,1389.0,,1389.0,KMEM
2022,3,1929.0,,1929.0,KMEM
2022,4,1818.0,,1818.0,KMEM
2022,5,1971.0,,1971.0,KMEM
2022,6,1896.0,,1896.0,KMEM
2022,7,1937.0,,1937.0,KMEM
2022,8,1868.0,,1868.0,KMEM
2022,9,1850.0,,1850.0,KMEM
2022,10,1852.0,,1852.0,KMEM
2022,11,1788.0,,1788.0,KMEM
2022,12,1867.0,,1867.0,KMEM
2018,1,29560.0,3443.0,33003.0,KORD
2018,2,26183.0,3043.0,29226.0,KORD
2018,3,31271.0,3852.0,35123.0,KORD
2018,4,31222.0,3758.0,34980.0,KORD
2018,5,32562.0,3898.0,36460.0,KORD
2018,6,33236.0,4133.0,37369.0,KORD
2018,7,34978.0,4309.0,39287.0,KORD
2018,8,34692.0,4232.0,38924.0,KORD
2018,9,32582.0,3793.0,36375.0,KORD
2018,10,34503.0,3819.0,38322.0,KORD
2018,11,31266.0,3333.0,34599.0,KORD
2018,12,32580.0,3710.0,36290.0,KORD
2019,1,27851.0,3384.0,31235.0,KORD
2019,2,27199.0,3071.0,30270.0,KORD
2019,3,32587.0,3789.0,36376.0,KORD
2019,4,31635.0,3973.0,35608.0,KORD
2019,5,34054.0,3931.0,37985.0,KORD
2019,6,34290.0,4095.0,38385.0,KORD
2019,7,34837.0,4305.0,39142.0,KORD
2019,8,35249.0,4246.0,39495.0,KORD
2019,9,33556.0,3656.0,37212.0,KORD
2019,10,35699.0,3644.0,39343.0,KORD
2019,11,32520.0,3159.0,35679.0,KORD
2019,12,33321.0,3426.0,36747.0,KORD
2020,1,30672.0,3326.0,33998.0,KORD
2020,2,29650.0,2931.0,32581.0,KORD
2020,3,28339.0,2507.0,30846.0,KORD
2020,4,9910.0,335.0,10245.0,KORD
2020,5,8628.0,351.0,8979.0,KORD
2020,6,9035.0,512.0,9547.0,KORD
2020,7,16548.0,915.0,17463.0,KORD
2020,8,18380.0,1079.0,19459.0,KORD
2020,9,16920.0,1151.0,18071.0,KORD
2020,10,16734.0,1150.0,17884.0,KORD
2020,11,15753.0,1249.0,17002.0,KORD
2020,12,15399.0,1537.0,16936.0,KORD
2021,1,13960.0,1600.0,15560.0,KORD
2021,2,12999.0,1376.0,14375.0,KORD
2021,3,17869.0,1501.0,19370.0,KORD
2021,4,19126.0,1438.0,20564.0,KORD
2021,5,23023.0,1541.0,24564.0,KORD
2021,6,27090.0,1906.0,28996.0,KORD
2021,7,30773.0,2175.0,32948.0,KORD
2021,8,31793.0,2285.0,34078.0,KORD
2021,9,28735.0,2181.0,30916.0,KORD
2021,10,29157.0,2223.0,31380.0,KORD
2021,11,25875.0,2517.0,28392.0,KORD
2021,12,25405.0,2731.0,28136.0,KORD
2022,1,22324.0,2562.0,24886.0,KORD
2022,2,20905.0,2199.0,23104.0,KORD
2022,3,24992.0,2731.0,27723.0,KORD
2022,4,24312.0,3141.0,27453.0,KORD
2022,5,25325.0,3441.0,28766.0,KORD
2022,6,25045.0,3626.0,28671.0,KORD
2022,7,25735.0,3789.0,29524.0,KORD
2022,8,25384.0,3571.0,28955.0,KORD
2022,9,25218.0,3201.0,28419.0,KORD
2022,10,25307.0,3031.0,28338.0,KORD
2022,11,23559.0,2697.0,26256.0,KORD
2022,12,23600.0,2998.0,26598.0,KORD
2018,1,9636.0,285.0,9921.0,KSLC
2018,2,8841.0,260.0,9101.0,KSLC
2018,3,10495.0,302.0,10797.0,KSLC
2018,4,9796.0,307.0,10103.0,KSLC
2018,5,9958.0,341.0,10299.0,KSLC
2018,6,10107.0,365.0,10472.0,KSLC
2018,7,10563.0,381.0,10944.0,KSLC
2018,8,10822.0,378.0,11200.0,KSLC
2018,9,9693.0,318.0,10011.0,KSLC
2018,10,10102.0,280.0,10382.0,KSLC
2018,11,9455.0,233.0,9688.0,KSLC
2018,12,9972.0,280.0,10252.0,KSLC
2019,1,9957.0,281.0,10238.0,KSLC
2019,2,8983.0,253.0,9236.0,KSLC
2019,3,10586.0,308.0,10894.0,KSLC
2019,4,9866.0,305.0,10171.0,KSLC
2019,5,10144.0,337.0,10481.0,KSLC
2019,6,10382.0,369.0,10751.0,KSLC
2019,7,10841.0,386.0,11227.0,KSLC
2019,8,10919.0,382.0,11301.0,KSLC
2019,9,9906.0,320.0,10226.0,KSLC
2019,10,10161.0,328.0,10489.0,KSLC
2019,11,9246.0,281.0,9527.0,KSLC
2019,12,10197.0,292.0,10489.0,KSLC
2020,1,10290.0,313.0,10603.0,KSLC
2020,2,9557.0,290.0,9847.0,KSLC
2020,3,9117.0,238.0,9355.0,KSLC
2020,4,4036.0,28.0,4064.0,KSLC
2020,5,3473.0,1.0,3474.0,KSLC
2020,6,4568.0,23.0,4591.0,KSLC
2020,7,7378.0,60.0,7438.0,KSLC
2020,8,8424.0,58.0,8482.0,KSLC
2020,9,7735.0,60.0,7795.0,KSLC
2020,10,8264.0,61.0,8325.0,KSLC
2020,11,8437.0,123.0,8560.0,KSLC
2020,12,8794.0,162.0,8956.0,KSLC
2021,1,8582.0,202.0,8784.0,KSLC
2021,2,7568.0,190.0,7758.0,KSLC
2021,3,9435.0,187.0,9622.0,KSLC
2021,4,9417.0,161.0,9578.0,KSLC
2021,5,10359.0,158.0,10517.0,KSLC
2021,6,10914.0,163.0,11077.0,KSLC
2021,7,11532.0,177.0,11709.0,KSLC
2021,8,11401.0,177.0,11578.0,KSLC
2021,9,10681.0,165.0,10846.0,KSLC
2021,10,10454.0,200.0,10654.0,KSLC
2021,11,9389.0,210.0,9599.0,KSLC
2021,12,9141.0,225.0,9366.0,KSLC
2022,1,9.0,219.0,9219.0,KSLC
2022,2,8076.0,197.0,8273.0,KSLC
2022,3,9336.0,257.0,9593.0,KSLC
2022,4,8984.0,258.0,9242.0,KSLC
2022,5,9237.0,288.0,9525.0,KSLC
2022,6,9428.0,356.0,9784.0,KSLC
2022,7,9811.0,376.0,10187.0,KSLC
2022,8,9872.0,354.0,10226.0,KSLC
2022,9,9291.0,318.0,9609.0,KSLC
2022,10,9079.0,300.0,9379.0,KSLC
2022,11,8550.0,277.0,8827.0,KSLC
2022,12,8503.0,326.0,8829.0,KSLC
